{
  "gp_sigma": 2.0,
  "gd_window": 15,
  "indel1_rate": 0.06,
  "indel2_rate": 0.06,
  "weights": {"bias": -10.057829,
              "length": 0.477776,
              "support": -0.035125,
              "gap_propensity": -0.774383,
              "gap_diversity": -3.029038,
              "indel_bias1": 1.813243,
              "indel_bias2": 2.195195,
              "terminal": 0.469521
             }
}